metric,train_val_p,train_val_d,train_test_p,train_test_d,val_test_p,val_test_d
rcvRate,0.7537702925571198,0.09802816901408451,0.9519935545057352,0.056394935268174705,0.7734236549208455,0.10828282828282829
sumMsgs,0.9237167553374206,0.07915492957746478,0.9346422601598984,0.058728126333760136,0.994645952074942,0.06686868686868687
sumMalMsgs,0.789638180438991,0.09464788732394366,0.9709613184969413,0.05312277706643904,0.8532544839531779,0.09898989898989899
normalProfile,0.9560036768237828,0.07352112676056338,0.9480392779771085,0.05696400625978091,0.9762479023629617,0.07696969696969697
aggressiveProfile,0.9876073954666202,0.06422535211267606,0.9706811907813367,0.05317968416559966,0.9919042117166632,0.06909090909090909
cautiousProfile,0.9462035144319468,0.07549295774647888,0.986925611137947,0.048968558827713754,0.9862468090245513,0.07313131313131313
