metric,train_val_p,train_val_d,train_test_p,train_test_d,val_test_p,val_test_d
rcvRate,0.9740880579571768,0.06336477987421384,0.6167368280559814,0.076882760845025,0.8768413751425713,0.08888888888888889
sumMsgs,0.9991479576399565,0.048113207547169815,0.8631331211813461,0.06069585550717626,0.9799080907050354,0.07008547008547009
sumMalMsgs,0.9868852561299795,0.05911949685534591,0.8573877174191903,0.06115949040477343,0.8883029842468521,0.0876068376068376
normalProfile,0.9949750483299019,0.05440251572327044,0.9170932011588014,0.05597887437510079,0.9726943708868997,0.07222222222222222
aggressiveProfile,0.9665612566522453,0.06525157232704402,0.9311339282423904,0.05450733752620545,0.954873726614042,0.07692307692307693
cautiousProfile,0.9380136386985006,0.07044025157232704,0.9512849488868527,0.05206821480406386,0.8883029842468521,0.0876068376068376
