metric,train_val_p,train_val_d,train_test_p,train_test_d,val_test_p,val_test_d
rcvRate,0.9894202077198326,0.0629736557199567,0.8769293947335675,0.0652537646402677,0.9947999013716063,0.06654783125371361
sumMsgs,0.9443488579837531,0.0754841814026224,0.9002231378571444,0.06305385139740968,0.9171742429962281,0.0903149138443256
sumMalMsgs,0.9775219137320075,0.0677853963671358,0.8694876441475842,0.06593542789861809,0.8939801737416402,0.09387997623291741
normalProfile,0.9358171865879834,0.07692770359677613,0.985037104608357,0.050040280101629794,0.9573036490944428,0.0825906120023767
aggressiveProfile,0.9473308257503886,0.07494286057981475,0.993105006333935,0.0466629485034393,0.9998244478773258,0.053475935828877004
cautiousProfile,0.9891166267855036,0.06315409599422592,0.9402943607052715,0.058530086137448104,0.9913783641383123,0.06951871657754011
