metric,train_val_p,train_val_d,train_test_p,train_test_d,val_test_p,val_test_d
rcvRate,0.867275195865897,0.08609625668449197,0.9837541618409589,0.05119617224880383,0.8984864816693043,0.0937048503611971
sumMsgs,0.8631843416983047,0.08663101604278074,0.9551556393319772,0.05725677830940989,0.9552855033794884,0.08338493292053664
sumMalMsgs,0.993610856977028,0.060249554367201426,0.9477216174725679,0.05837320574162679,0.97065930535628,0.07905056759545924
normalProfile,0.9995898528308702,0.049910873440285206,0.9399131378536649,0.0594896331738437,0.9552855033794884,0.08338493292053664
aggressiveProfile,0.9749360990964455,0.06862745098039216,0.9998839955343032,0.03652312599681021,0.9981337438852441,0.06212590299277606
cautiousProfile,0.9690614898059778,0.07023172905525847,0.8230020432844813,0.0708133971291866,0.9434946485756055,0.08586171310629515
