metric,train_val_p,train_val_d,train_test_p,train_test_d,val_test_p,val_test_d
rcvRate,0.7896011428257712,0.09785619655546188,0.699931587956325,0.07839049604477825,0.8622911435834667,0.10152398027790228
sumMsgs,0.9237880649419606,0.08189810911718656,0.9398373445677816,0.05842876317217351,0.9984430100212822,0.06275212909009413
sumMalMsgs,0.9769584226615242,0.07057689991569312,0.954013027170132,0.05642973412913728,0.9984430100212822,0.06275212909009413
normalProfile,0.9049653306610989,0.08466819221967964,0.9843573848668422,0.05011851386469429,0.9984430100212822,0.06275212909009413
aggressiveProfile,0.9485137224314437,0.07762254606768638,0.9284508537326736,0.05982808350229888,0.9675314580247005,0.08225011205737337
cautiousProfile,0.8840409802896391,0.08743827532217271,0.9635849516003107,0.054859068452465944,0.9757964501129344,0.07978484984311968
