metric,train_val_p,train_val_d,train_test_p,train_test_d,val_test_p,val_test_d
rcvRate,0.7958793982536875,0.06628865138288326,0.898352555378173,0.04442965304933855,0.8689484745079564,0.06935499375180236
sumMsgs,0.9616638799762183,0.051127247015310975,0.854841712615399,0.04717530576587071,0.9447724955148936,0.06079976929731808
sumMalMsgs,0.9920827753056658,0.043689320388349516,0.9409435104988424,0.04108772221759991,0.9719770539034264,0.055993463424012305
normalProfile,0.9910922638959248,0.04411084822278426,0.8071540495671522,0.04981002301910863,0.9417981838992999,0.061184273767182544
aggressiveProfile,0.9911264162864023,0.04409725055070572,0.5035526027693619,0.06455057270432926,0.9117447204677226,0.06502931846582717
cautiousProfile,0.8072746631301395,0.06549998640232792,0.9587680935536014,0.03927115400615692,0.9156672210552529,0.06459675093722965
