metric,train_val_p,train_val_d,train_test_p,train_test_d,val_test_p,val_test_d
rcvRate,0.9783712998296669,0.06213895394223263,0.8465739549385395,0.06253338263692017,0.9695476918552629,0.07368421052631578
sumMsgs,0.9993251438091212,0.047306791569086654,0.9817740595754018,0.04706438226714327,0.9949082816975179,0.062280701754385964
sumMalMsgs,0.7225783630909358,0.09227166276346604,0.9660611651348634,0.050310201733842805,0.8917252899621625,0.08771929824561403
normalProfile,0.9872327587538877,0.05893832943013271,0.9817740595754018,0.04706438226714327,0.9927556898762517,0.06403508771929825
aggressiveProfile,0.7936869748205623,0.08618266978922717,0.8128309331902389,0.06503964830108057,0.9428334894201706,0.07982456140350877
cautiousProfile,0.9215184052050522,0.07275565964090554,0.9455858565178361,0.05333004642754427,0.986644094934381,0.06754385964912281
