metric,train_val_p,train_val_d,train_test_p,train_test_d,val_test_p,val_test_d
rcvRate,0.7413737573671376,0.09545454545454546,0.8322044682891441,0.06903116213683223,0.9936379044410818,0.06635426429240862
sumMsgs,0.8805304376272433,0.08181818181818182,0.9951164967506554,0.04536668228678538,0.9570285372023494,0.08078725398313027
sumMalMsgs,0.9727283421939394,0.06704545454545455,0.9929448544348718,0.046743205248359884,0.9664733453534684,0.07835051546391752
normalProfile,0.8901334220778666,0.08068181818181819,0.9729930026309536,0.05315721649484536,0.9126724585869482,0.08903467666354264
aggressiveProfile,0.9523340695559224,0.0715909090909091,0.9867127141625128,0.049466963448922215,0.9592225132889242,0.08022492970946579
cautiousProfile,0.9862902259062463,0.0625,0.9861608209055953,0.04964268978444236,0.9561339950802262,0.0809746954076851
