metric,train_val_p,train_val_d,train_test_p,train_test_d,val_test_p,val_test_d
rcvRate,0.7986984366991245,0.08575331772053084,0.9895807095641765,0.044640289247709436,0.9514792313435134,0.0780701754385965
sumMsgs,0.8424695400219903,0.08165495706479313,0.9254466596706203,0.05567196680225153,0.9786248817404964,0.07105263157894737
sumMalMsgs,0.9704891982676837,0.06424668227946917,0.9612318314659276,0.05111138501992687,0.9830633896693,0.06929824561403508
normalProfile,0.9560660213741438,0.06733021077283373,0.9750231653494019,0.04864620567812975,0.9939112054545631,0.06315789473684211
aggressiveProfile,0.7814780998924553,0.08727556596409056,0.9241505111977744,0.055795225769341386,0.9963893903685631,0.060526315789473685
cautiousProfile,0.9704891982676837,0.06424668227946917,0.9174642354430853,0.056473150088335596,0.9883169243332818,0.06666666666666667
