metric,train_val_p,train_val_d,train_test_p,train_test_d,val_test_p,val_test_d
rcvRate,0.9845037566098247,0.06215970961887477,0.925902239692591,0.05990943921978405,0.9632955057759967,0.07814992025518341
sumMsgs,0.9309340419525381,0.07395644283121597,0.9973583936280245,0.0430163706025775,0.9950018042197778,0.06432748538011696
sumMalMsgs,0.9852832322417878,0.06185722928009679,0.9877162100285486,0.04876349703935911,0.9982258860354211,0.05954279638490165
normalProfile,0.8897309585428098,0.0794010889292196,0.9884667970039521,0.0485022640195054,0.9617356758942057,0.0786815523657629
aggressiveProfile,0.752915593021953,0.09286146400483969,0.9073790226841747,0.06191222570532915,0.9818581186091189,0.07230196703880915
cautiousProfile,0.8362756982164614,0.08514821536600121,0.9628674807388387,0.05477185649599443,0.97444687664519,0.07496012759170653
