metric,train_val_p,train_val_d,train_test_p,train_test_d,val_test_p,val_test_d
rcvRate,0.78440713592942,0.09782198161903563,0.9992988481805478,0.040997464074387154,0.7687794721057183,0.11316343231236849
sumMsgs,0.9499756683193836,0.07686012841495657,0.9887465045752978,0.05029585798816568,0.9280616223140735,0.09165302782324058
sumMalMsgs,0.9576384515936547,0.07528641571194762,0.8871906610902045,0.06635672020287404,0.894026486980264,0.0972644376899696
normalProfile,0.8709122670609948,0.08850560241722272,0.990666896876839,0.04945054945054945,0.627075571299397,0.1281271919569792
aggressiveProfile,0.9698454760469231,0.07232783583029082,0.8346401558716879,0.07100591715976332,0.9999994540481596,0.04302080897825579
cautiousProfile,0.9826295026159962,0.06817323429434723,0.9763425830526763,0.05409974640743871,0.9294880690650478,0.09141921907879355
