metric,train_val_p,train_val_d,train_test_p,train_test_d,val_test_p,val_test_d
rcvRate,0.9316073192499047,0.05486425339366516,0.9741917826079625,0.03731343283582089,0.9924817930802527,0.049177190968235744
sumMsgs,0.9113244490647574,0.05696509372979961,0.9919170155881553,0.033404406538734895,0.9023888487227485,0.06582472254114045
sumMalMsgs,0.7615663190180406,0.068304244774833,0.9999319792069666,0.02483381412266399,0.6733357827260115,0.08433792575583621
normalProfile,0.9919999121280132,0.04355203619909502,0.995224319986453,0.032003846314645264,0.9759992801240496,0.054965556831228474
aggressiveProfile,0.6497605977757658,0.07536091359620771,0.9316276068613548,0.04199590283874744,0.854165211964959,0.07046498277841562
cautiousProfile,0.9501977196175129,0.05260180995475113,0.7879568580859134,0.05090095739788453,0.831088884102931,0.07242632988901646
