metric,train_val_p,train_val_d,train_test_p,train_test_d,val_test_p,val_test_d
rcvRate,0.8075463325081144,0.09390149021485426,0.9958798495178772,0.04705721885016709,0.8056399966142139,0.10868533459895587
sumMsgs,0.9494406746021646,0.07546831049135197,0.9382169895111119,0.06182227375025574,0.948671780669312,0.0870906502135738
sumMalMsgs,0.9991856939132474,0.05278592375366569,0.868620948158746,0.06922185091727477,0.9498750370199551,0.08685334598955861
normalProfile,0.9794255830153614,0.06816685618528937,0.747077275607293,0.07921298506444793,0.9441372563051234,0.08827717133364973
aggressiveProfile,0.9851730923361876,0.06589263271290921,0.974944793032738,0.055343381299870424,0.9906709917280699,0.07237778832463218
cautiousProfile,0.9530856924781669,0.07480998264408403,0.9839504179025617,0.05295642092341267,0.999693309430679,0.05695301376364499
