metric,train_val_p,train_val_d,train_test_p,train_test_d,val_test_p,val_test_d
rcvRate,0.8403256495088259,0.0637690887732841,0.9639409862555581,0.038135593220338986,0.9681048006970966,0.056812824139556815
sumMsgs,0.9979068593627333,0.03981372713542541,0.9333630666859056,0.041202582728006455,0.9895109693692271,0.05077793493635078
sumMalMsgs,0.9044439979638439,0.05839906024500755,0.6577317134147559,0.05633575464083938,0.9999999999802985,0.02314945780292315
normalProfile,0.9059520229632375,0.05827320020137607,0.8817814921162589,0.044915254237288135,0.9793120223638951,0.05421970768505422
aggressiveProfile,0.9842951436099427,0.04693181182525032,0.986547185262596,0.034422921711057305,0.854839558307343,0.07057991513437058
cautiousProfile,0.9078185473686252,0.058105386809867425,0.9686503507578419,0.03753026634382567,0.8772720050539725,0.0685054219707685
