metric,train_val_p,train_val_d,train_test_p,train_test_d,val_test_p,val_test_d
rcvRate,0.98674146508261,0.06448179271708683,0.9042772222567382,0.0625198533021456,0.9081924362409047,0.09257731958762887
sumMsgs,0.9713958231289379,0.06980392156862746,0.9882853035050053,0.04883190389557885,0.9879035408075323,0.07257731958762886
sumMalMsgs,0.9995406345039205,0.050364145658263304,0.9847762048025426,0.050044760172110084,0.9918225093019809,0.06948453608247422
normalProfile,0.9458781002559269,0.07540616246498599,0.9826427652890078,0.0507089433711629,0.9879035408075323,0.07257731958762886
aggressiveProfile,0.9351814405537723,0.0773109243697479,0.9918970367369162,0.04724363972393081,0.9481648212177548,0.08515463917525773
cautiousProfile,0.7704437719989458,0.09630252100840336,0.9155132376208508,0.06136475208640157,0.9609983562184792,0.0822680412371134
