metric,train_val_p,train_val_d,train_test_p,train_test_d,val_test_p,val_test_d
rcvRate,0.9437204186357301,0.06906173700732474,0.7378136031628886,0.06946717585015458,0.9796952692554117,0.06963710242398767
sumMsgs,0.8527707260656557,0.08014571948998178,0.9928020274011553,0.04291689398072377,0.9927108833173459,0.06305170239596469
sumMalMsgs,0.9474047905044699,0.06848040925473782,0.9779408221485382,0.047645026368430626,0.9816632544551958,0.06893652795292139
normalProfile,0.9150406350012742,0.07320854164244468,0.9912167039465982,0.0436442989634479,0.9019380243468589,0.08518985568165896
aggressiveProfile,0.985793842344248,0.05921792039685308,0.9843976790023701,0.04600836515730133,0.9612614668298844,0.07468123861566485
cautiousProfile,0.9633151576734054,0.0653799945742743,0.9991116206419092,0.03691580287324968,0.9833964647564686,0.06823595348185513
