metric,train_val_p,train_val_d,train_test_p,train_test_d,val_test_p,val_test_d
rcvRate,0.7989652511124965,0.09583333333333334,0.9497138308857892,0.05763888888888889,0.783734583110959,0.11458333333333333
sumMsgs,0.9971892068829986,0.058333333333333334,0.9030972277685698,0.06319444444444444,0.9948122193323178,0.07291666666666667
sumMalMsgs,0.9825294734176123,0.06805555555555555,0.9666089037533718,0.05486111111111111,0.9353495659829902,0.09375
normalProfile,0.9911573522370887,0.06388888888888888,0.909827596625617,0.0625,0.9353495659829902,0.09375
aggressiveProfile,0.9858954099934853,0.06666666666666667,0.9543393894302068,0.05694444444444444,0.9948122193323178,0.07291666666666667
cautiousProfile,0.9743010314681579,0.07083333333333333,0.9497138308857892,0.05763888888888889,0.8693924146348339,0.10416666666666667
