metric,train_val_p,train_val_d,train_test_p,train_test_d,val_test_p,val_test_d
rcvRate,0.972618992125739,0.06419891269587465,0.927846080797741,0.054724976015350174,0.9988562092677962,0.059322033898305086
sumMsgs,0.9895209417020855,0.05832267348896706,0.9192892390301934,0.055604413175567635,0.9346349826221041,0.0847457627118644
sumMalMsgs,0.9451359475946302,0.06979533098816758,0.9775242916189789,0.047489606651742886,0.9346349826221041,0.0847457627118644
normalProfile,0.9840317360487165,0.060681164055004795,0.8776916579127749,0.0593620083146786,0.9346349826221041,0.0847457627118644
aggressiveProfile,0.9528785573365938,0.06843620083146786,0.9095192169141987,0.05656379916853214,0.8758691273478679,0.09322033898305085
cautiousProfile,0.8964640355147099,0.07651103293891909,0.8087519081547199,0.06447873361048928,0.973108382436378,0.07627118644067797
