metric,train_val_p,train_val_d,train_test_p,train_test_d,val_test_p,val_test_d
rcvRate,0.8854408746300214,0.0838648712497047,0.6300081733696613,0.08524420261691928,0.9702713654378352,0.07969639468690702
sumMsgs,0.9551678914932433,0.07329317269076305,0.9550021748050949,0.057682342272315064,0.9724653014405623,0.07906388361796332
sumMalMsgs,0.9990402898529257,0.05244507441530829,0.9080557825900941,0.06360927581292913,0.9907100905323839,0.07084123972169513
normalProfile,0.9993852497420508,0.05102763997165131,0.8520781628133637,0.06892084466899857,0.9945037195032886,0.06767868437697659
aggressiveProfile,0.9847862926747248,0.06514292463973541,0.7953891293026031,0.07342272315066718,0.9827459770739968,0.07526881720430108
cautiousProfile,0.7455178383214038,0.09833451452870305,0.9875427938148044,0.050233190827827436,0.9702713654378352,0.07969639468690702
