metric,train_val_p,train_val_d,train_test_p,train_test_d,val_test_p,val_test_d
rcvRate,0.5478983753017336,0.08176457860002163,0.948836650776676,0.040208488458674606,0.9669006069642491,0.056749622926093514
sumMsgs,0.9727576050128788,0.049010061668289515,0.9985249339114636,0.029266981054024987,0.9406329504648588,0.06108597285067873
sumMalMsgs,0.990462807175983,0.044222654982148654,0.9097890431701224,0.04347646231488376,0.972769927215553,0.0556184012066365
normalProfile,0.8963496738788159,0.05835497132965487,0.9876971691200993,0.03449987589972698,0.8001688342702954,0.07484917043740573
aggressiveProfile,0.9135867023207972,0.056759169100941254,0.9895618340169544,0.03398279142880781,0.9945188463817967,0.0476998491704374
cautiousProfile,0.733527491183422,0.07013415557719355,0.9414890272630662,0.04091172333912468,0.9145441611285335,0.06447963800904978
