metric,train_val_p,train_val_d,train_test_p,train_test_d,val_test_p,val_test_d
rcvRate,0.8060426879711355,0.09321428571428571,0.5002540468951345,0.09563492063492063,0.9014538644290175,0.09555555555555556
sumMsgs,0.7967218524409573,0.09416666666666666,0.925177628321256,0.0625,0.9893734318309831,0.07333333333333333
sumMalMsgs,0.981754918037591,0.06678571428571428,0.8999947636615765,0.06527777777777778,0.9893734318309831,0.07333333333333333
normalProfile,0.9456564945061163,0.07571428571428572,0.9831756598300407,0.05238095238095238,0.9502901281088078,0.08666666666666667
aggressiveProfile,0.9941726868860237,0.060238095238095236,0.9995739159534393,0.03988095238095238,0.9999990599832665,0.044444444444444446
cautiousProfile,0.9540083842354412,0.07416666666666667,0.9999734695363156,0.034722222222222224,0.9502901281088078,0.08666666666666667
