metric,train_val_p,train_val_d,train_test_p,train_test_d,val_test_p,val_test_d
rcvRate,0.9603603444701149,0.05116903547792123,0.9077979752507502,0.04347022334205157,0.9554188049163539,0.058905899925317404
sumMsgs,0.8528272019570666,0.061964305088423564,0.9820736143750503,0.03562381037150643,0.8978227464777915,0.06590739357729648
sumMalMsgs,0.9192490904521026,0.05620049907779104,0.6039830432714899,0.05925205745820039,0.701107362954134,0.08187079910380882
normalProfile,0.9230481286654422,0.055807204079418464,0.9822472184112785,0.035589576458022375,0.9689001592505061,0.05619865571321882
aggressiveProfile,0.9910363924209147,0.04399479223174569,0.927860930225894,0.04193654401796596,0.8606402074504487,0.06964152352501866
cautiousProfile,0.8457999469317183,0.062493219051752195,0.9253347350884079,0.04214194749887028,0.8875067207661,0.06684092606422704
