metric,train_val_p,train_val_d,train_test_p,train_test_d,val_test_p,val_test_d
rcvRate,0.9836656549495867,0.06001799757423999,0.8362349808172393,0.06201305745675457,0.9910238661331111,0.0636770085354288
sumMsgs,0.9765476201541363,0.06228725693493486,0.9653217934775108,0.049389534310341425,0.9669425312453632,0.07261888632976561
sumMalMsgs,0.9255376453393451,0.0717946711530185,0.9781812855634829,0.04694372670072388,0.9657324342832113,0.0728898523235334
normalProfile,0.9896154862165429,0.057513987245197386,0.9657028502262771,0.049330361545592616,0.9669425312453632,0.07261888632976561
aggressiveProfile,0.9631141760138036,0.0654955201690207,0.956974760647315,0.050671610879899014,0.9675335829253681,0.07248340333288172
cautiousProfile,0.9657277694684018,0.06494776790954263,0.9938004297266667,0.04181542042249354,0.8643765943450196,0.08887684595583255
