metric,train_val_p,train_val_d,train_test_p,train_test_d,val_test_p,val_test_d
rcvRate,0.8915374870574991,0.08034682080924856,0.7863136316430919,0.07099163813906505,0.8601328680264353,0.09532215357458076
sumMsgs,0.9904736280287012,0.06022070415133999,0.9891282655635834,0.047561591559571244,0.9893919202594176,0.06884377758164166
sumMalMsgs,0.978473732065176,0.0651602732527588,0.9547838019578954,0.05527807396599136,0.9998991457729528,0.05030891438658429
normalProfile,0.985517741087531,0.0626379400945875,0.9601687524879206,0.05443627588529098,0.991348392606133,0.0676081200353045
aggressiveProfile,0.9677693869561219,0.06810299527062533,0.930293205078316,0.058533026544699475,0.8970390730419893,0.09037952338923212
cautiousProfile,0.9168579440697947,0.07708880714661062,0.9718427891664612,0.05230372074751669,0.9674516131168351,0.07731685789938217
