metric,train_val_p,train_val_d,train_test_p,train_test_d,val_test_p,val_test_d
rcvRate,0.9685002583097662,0.07056179775280899,0.8359278848631054,0.06839027745929832,0.9974183617337407,0.0636734693877551
sumMsgs,0.9845679659442513,0.06550561797752809,0.9533263599375095,0.056409080486127035,0.9800598998435258,0.07591836734693877
sumMalMsgs,0.9903433075996572,0.06269662921348315,0.9745524715406296,0.052568218298555375,0.9789225809434224,0.0763265306122449
normalProfile,0.9903433075996572,0.06269662921348315,0.9406863107626835,0.05818619582664526,0.9800598998435258,0.07591836734693877
aggressiveProfile,0.8070435231961701,0.09280898876404495,0.5576861806820907,0.08788121990369181,0.8995209502395223,0.09387755102040816
cautiousProfile,0.9877908109769481,0.06404494382022471,0.9710397598894516,0.05331346021554689,0.9986663712788983,0.060408163265306125
