metric,train_val_p,train_val_d,train_test_p,train_test_d,val_test_p,val_test_d
rcvRate,0.9883447142757457,0.044872835497835495,0.9266889470607337,0.04176136363636364,0.9894370429082142,0.05238095238095238
sumMsgs,0.8643030908136276,0.0608495670995671,0.9233209017161268,0.042031926406926406,0.9894370429082142,0.05238095238095238
sumMalMsgs,0.9311974098046274,0.05473484848484848,0.9858142173418637,0.034604978354978354,0.9894370429082142,0.05238095238095238
normalProfile,0.9740580692253894,0.04857954545454545,0.788337537319018,0.05010822510822511,0.9894370429082142,0.05238095238095238
aggressiveProfile,0.954581318783555,0.0518262987012987,0.9773633554395232,0.03624188311688312,0.9968640622815635,0.047619047619047616
cautiousProfile,0.9039003531070685,0.057481060606060605,0.6206520887268226,0.05808982683982684,0.9968640622815635,0.047619047619047616
