metric,train_val_p,train_val_d,train_test_p,train_test_d,val_test_p,val_test_d
rcvRate,0.9007672232848675,0.07496380922571305,0.7977907704405777,0.06469555612536737,0.8835338897568201,0.08684460100257417
sumMsgs,0.992044354083097,0.05614460659650221,0.9917349461867715,0.04284108167813961,0.9900591394836846,0.06421894052296437
sumMalMsgs,0.9641329669215125,0.06529989436206424,0.8763362505899184,0.05897552219964891,0.9837154015309972,0.06774149844194553
normalProfile,0.9860427729490852,0.059118118862240304,0.992744773788706,0.04234797530523284,0.9692479791724813,0.07207695434223005
aggressiveProfile,0.98400234877217,0.05990062209006612,0.9665312090730207,0.04919229176117872,0.9992314395733589,0.0531093347784853
cautiousProfile,0.9910238624668917,0.056770609178762865,0.9745828095396619,0.04771297264245843,0.9865772311749365,0.06652215146999052
