metric,train_val_p,train_val_d,train_test_p,train_test_d,val_test_p,val_test_d
rcvRate,0.8813479385733223,0.06013436015074553,0.5736415411278042,0.061421312691591665,0.7623494759561762,0.07838210661148881
sumMsgs,0.9685898786398347,0.05013927576601671,0.7828586667053465,0.05132206995982699,0.9646062306789658,0.0577396787860873
sumMalMsgs,0.8749771011539657,0.06068053962532088,0.8820645715760236,0.04574404053694657,0.8849162664072079,0.06803625973002267
normalProfile,0.9167112959073285,0.05685728330329346,0.9045414559127359,0.04422530479696533,0.9875325589038154,0.05182776628239236
aggressiveProfile,0.9968457286034118,0.0407996067507783,0.9698095629226917,0.03807337523270951,0.969898069363465,0.05675436003547148
cautiousProfile,0.7833621391688084,0.0674258561363264,0.9311448578986353,0.04216766282666816,0.9897881395581377,0.05094097940683811
