metric,train_val_p,train_val_d,train_test_p,train_test_d,val_test_p,val_test_d
rcvRate,0.9293078706176149,0.056313131313131315,0.9722284635413003,0.03777777777777778,0.9757126709408368,0.05601010101010101
sumMsgs,0.8853331717552347,0.06060606060606061,0.8768123615222495,0.04611111111111111,0.9859331680659594,0.05282828282828283
sumMalMsgs,0.9799249968821548,0.048484848484848485,0.8293687726991261,0.04888888888888889,0.7023535086649046,0.08348484848484848
normalProfile,0.7907838675492173,0.06780303030303031,0.9662079439464558,0.03861111111111111,0.9553281181709746,0.05974747474747475
aggressiveProfile,0.90343726451094,0.05896464646464646,0.9939443845178383,0.03277777777777778,0.9353216954473328,0.06292929292929293
cautiousProfile,0.6710403140295425,0.07563131313131313,0.8393495188772296,0.04833333333333333,0.8567345998186521,0.07156565656565657
