metric,train_val_p,train_val_d,train_test_p,train_test_d,val_test_p,val_test_d
rcvRate,0.9387645023917035,0.06826923076923076,0.8799277086792782,0.05897435897435897,0.892395203575385,0.08461538461538462
sumMsgs,0.9449807356622346,0.0673076923076923,0.9853577379821831,0.0453525641025641,0.9880567700115983,0.06474358974358975
sumMalMsgs,0.9863137523549055,0.057692307692307696,0.8203498609396068,0.06346153846153846,0.9624545483602059,0.07307692307692308
normalProfile,0.9021620840592749,0.07307692307692308,0.991974951215698,0.04294871794871795,0.9922807759215402,0.06217948717948718
aggressiveProfile,0.9179593183480804,0.07115384615384615,0.9706580859844506,0.04871794871794872,0.9880567700115983,0.06474358974358975
cautiousProfile,0.9850512391871192,0.058173076923076925,0.6628021007020198,0.07355769230769231,0.9995924133053322,0.05064102564102564
