metric,train_val_p,train_val_d,train_test_p,train_test_d,val_test_p,val_test_d
rcvRate,0.7991583511759096,0.06633986928104575,0.9185013029317223,0.04334461364918218,0.41733403256889257,0.10460834079824824
sumMsgs,0.9713816096039442,0.04967320261437908,0.868249250884099,0.046778059785674,0.9944154670461536,0.048322882452473376
sumMalMsgs,0.9965299305247188,0.041094771241830065,0.9253800528110415,0.04279469825155104,0.8933052773776581,0.0673832984970638
normalProfile,0.9250242248896408,0.05604575163398693,0.8821727758177136,0.045903835307388605,0.7738699253841276,0.07768488105902259
aggressiveProfile,0.920323906916803,0.0565359477124183,0.9520427979652895,0.04035532994923858,0.99221395455152,0.04976609933313427
cautiousProfile,0.975779452496585,0.04877450980392157,0.8130011783750162,0.04992949802594473,0.7609271231882859,0.07868020304568528
