metric,train_val_p,train_val_d,train_test_p,train_test_d,val_test_p,val_test_d
rcvRate,0.7437597049462414,0.0893006939678182,0.998383978313748,0.0384160756501182,0.933271026282466,0.08008898776418243
sumMsgs,0.949929343537205,0.06752840692442615,0.9753615013409742,0.04827993804516181,0.9978735573148744,0.057007786429365964
sumMalMsgs,0.9741549751314291,0.06245710363761153,0.9701119336077855,0.04929893209423657,0.995465314717629,0.060622914349276975
normalProfile,0.9445476902539858,0.06844352932204682,0.9843803306627811,0.04607891089916035,0.9982994527655973,0.05617352614015573
aggressiveProfile,0.9992112065130446,0.047166933577365976,0.9203243612683882,0.05586125377027798,0.8628527752816196,0.08982202447163515
cautiousProfile,0.9833435180003107,0.059673606344848626,0.9516052090419974,0.05221325507459036,0.9967725779129237,0.058954393770856504
