metric,train_val_p,train_val_d,train_test_p,train_test_d,val_test_p,val_test_d
rcvRate,0.9954436004015321,0.05296092796092796,0.8739060419787744,0.05903215636822194,0.979070823171673,0.06856622430392922
sumMsgs,0.9099770734331654,0.07287851037851038,0.9459627707498294,0.052057061790668345,0.9311665849367433,0.07910486599011189
sumMalMsgs,0.7722948537319938,0.08638583638583638,0.9548303193021659,0.05087484237074401,0.9407949940405894,0.07754358574030705
normalProfile,0.9786452534765469,0.06085927960927961,0.9683558078801986,0.04878625472887768,0.9877311406206869,0.06518345042935207
aggressiveProfile,0.9932886971211744,0.05463980463980464,0.9947918462065632,0.04114123581336696,0.9942481238857852,0.06075982305490502
cautiousProfile,0.9136289018469288,0.07242063492063493,0.98527789480422,0.04504255989911728,0.8927182418479815,0.0848295602393963
