metric,train_val_p,train_val_d,train_test_p,train_test_d,val_test_p,val_test_d
rcvRate,0.8316875504619444,0.08216190958296017,0.7496145085141165,0.06822491466895547,0.9351484469183333,0.07962529274004684
sumMsgs,0.970089563569714,0.06397725945251354,0.9825765410558556,0.04614862572107228,0.9269228262450275,0.08086513293842126
sumMalMsgs,0.9317606986722174,0.07090845372064951,0.8964995982673026,0.05760594023832811,0.9551240489769637,0.07618129218900675
normalProfile,0.9591289289733654,0.06635255636462754,0.9825765410558556,0.04614862572107228,0.9586826315470669,0.07535473205675713
aggressiveProfile,0.9993650070251284,0.04684397025037966,0.8979915675578963,0.0574662168905567,0.9981620910459105,0.056343849015015844
cautiousProfile,0.93355945848289,0.07063587866516101,0.9507995759731491,0.05183736202319408,0.9296830535553324,0.08045185287229646
