metric,train_val_p,train_val_d,train_test_p,train_test_d,val_test_p,val_test_d
rcvRate,0.8876446767091155,0.05916321638701242,0.8459364710273729,0.04712850888488282,0.8591596932999274,0.06951601030548399
sumMsgs,0.9846864365137075,0.046224667683591195,0.8309061730435181,0.04795532483023164,0.9516898730507128,0.05925653294074347
sumMalMsgs,0.9075214402219223,0.05736543909348442,0.9539492127261091,0.039334752022988195,0.8052067094638403,0.07407066617592933
normalProfile,0.9910870720986885,0.04399106559163216,0.9196935600490361,0.042377705789067056,0.9120258375294219,0.06436326831063673
aggressiveProfile,0.9927169196938952,0.04322837219437786,0.9995635799000049,0.026952844382395598,0.9826789027374584,0.05249355907250644
cautiousProfile,0.6706314051698198,0.07411745478317716,0.9536566260543771,0.039368637922387734,0.9042294265853351,0.06509937430990062
