metric,train_val_p,train_val_d,train_test_p,train_test_d,val_test_p,val_test_d
rcvRate,0.9967969672210649,0.05365873700645055,0.8803679801330356,0.059288616665665844,0.9868205559350436,0.06792622582096267
sumMsgs,0.9983927380896372,0.05111138501992687,0.9487526826549837,0.052382954022298284,0.9750291834589797,0.0728744939271255
sumMalMsgs,0.9947662681556497,0.0557541394469781,0.9695340766040786,0.04922036069577053,0.9976363930916977,0.058929374718848404
normalProfile,0.9892349321392697,0.05928756317022063,0.9705254110639262,0.04902019656118017,0.9956234238274612,0.0620782726045884
aggressiveProfile,0.9737075783520582,0.06483421668926415,0.7143440827448404,0.07079805440461179,0.9877886686867344,0.06747638326585695
cautiousProfile,0.900706311401519,0.07703685443115987,0.9715431614000773,0.048820032426589804,0.9750291834589797,0.0728744939271255
