metric,train_val_p,train_val_d,train_test_p,train_test_d,val_test_p,val_test_d
rcvRate,0.8547889324344826,0.06183264327740248,0.8778124982429694,0.045244452878268296,0.9530129563117804,0.05907250644092749
sumMsgs,0.8520138654538716,0.062050555676618,0.9595565849714507,0.038718028653916534,0.9590506713405226,0.05815237394184763
sumMalMsgs,0.7324915632098458,0.07022227064719982,0.964252631774354,0.038162299903764046,0.681775890348305,0.083317997791682
normalProfile,0.879622983994,0.05984419263456091,0.9976159142811298,0.02998902096859455,0.9027602326586741,0.06523739418476261
aggressiveProfile,0.903495474083779,0.05774678579211157,0.9880557185598544,0.03410276915569893,0.8487715434079158,0.07029812292970188
cautiousProfile,0.9651405320551935,0.050419481368489866,0.9404739771040206,0.04064952491969042,0.8699649985903918,0.06868789105631211
