metric,train_val_p,train_val_d,train_test_p,train_test_d,val_test_p,val_test_d
rcvRate,0.7204461058297699,0.0712200420938285,0.9569521479505537,0.03954354103607835,0.9205360469511219,0.06400038641742743
sumMsgs,0.9627949858864984,0.050947111141285896,0.9720883894663274,0.037616115228055524,0.9585937354480946,0.058590542433463746
sumMalMsgs,0.9923001866096605,0.043587480480684365,0.9975905103822365,0.03041436175764534,0.9200711865919274,0.06404868859585568
normalProfile,0.9847286406692732,0.046371104623531806,0.9923613173417677,0.033232439202588455,0.9764023302976241,0.05506448340820171
aggressiveProfile,0.9120131021088015,0.05712539887297169,0.9880221079310358,0.034575374873882334,0.6595321822110137,0.08559146017485389
cautiousProfile,0.9219331220832798,0.05613415710503089,0.3907696110377899,0.07073722297602894,0.7605593207887577,0.07820122687533208
