metric,train_val_p,train_val_d,train_test_p,train_test_d,val_test_p,val_test_d
rcvRate,0.8042012691187124,0.09092387768379961,0.9605324619717012,0.054346613101216384,0.8773628497298932,0.09379007144165598
sumMsgs,0.9953995094842,0.057525482541747996,0.9432878142709545,0.05688539225532865,0.9327556425023493,0.08554680344385418
sumMalMsgs,0.9976055491958007,0.05476035567122099,0.9843774651459061,0.049157460104899006,0.9728754066659732,0.07638761677962996
normalProfile,0.8962040688272664,0.08100195185426155,0.9770174395011273,0.05113826581854704,0.9350479319834645,0.08499725224400073
aggressiveProfile,0.9648008474394993,0.06988722619822164,0.9543644272700447,0.05529516795000558,0.8646632585071162,0.09580509250778531
cautiousProfile,0.9698786724410896,0.0686402081977879,0.9770174395011273,0.05113826581854704,0.9497367300002827,0.08224949624473346
