metric,train_val_p,train_val_d,train_test_p,train_test_d,val_test_p,val_test_d
rcvRate,0.882404238355526,0.08399348277993146,0.9760586436830386,0.05116266255234737,0.8410661952424726,0.1001131221719457
sumMsgs,0.9738778725788724,0.06865554244620484,0.9662040215126597,0.053146352215120124,0.9564863394751018,0.08182503770739065
sumMalMsgs,0.9846344769522962,0.06494746895893028,0.9320614529407645,0.05805047388141944,0.9932439365087499,0.06711915535444947
normalProfile,0.9911292384915754,0.06174504185628406,0.9415278475861394,0.056893321578135335,0.9973637885117466,0.06259426847662142
aggressiveProfile,0.9982096781518399,0.05455362660823642,0.8978975154768689,0.0616872382631695,0.9927699299634265,0.06749622926093514
cautiousProfile,0.9763563666190243,0.067925164335075,0.9399215117598008,0.05708618029534935,0.9782190433994082,0.0752262443438914
