metric,train_val_p,train_val_d,train_test_p,train_test_d,val_test_p,val_test_d
rcvRate,0.9947725571608823,0.05769025509659515,0.9346355127947177,0.058000615539576396,0.9997420115227538,0.05303847536857246
sumMsgs,0.9801852967384055,0.06510833600170776,0.9142465270280845,0.0602948994152374,0.9761772805022629,0.07479323984178353
sumMalMsgs,0.9808242417565247,0.0648948660476038,0.9793113604095718,0.05058616155115973,0.9986917869628087,0.05879180151024811
normalProfile,0.9875046913796159,0.0622264916213043,0.9199893924642548,0.05967935983884055,0.9931697483789015,0.06652283351312477
aggressiveProfile,0.9914489986636428,0.06014515956879069,0.9129564169972741,0.060434794773509416,0.9796616224168493,0.07353469974829198
cautiousProfile,0.9956619859137138,0.05683637528017931,0.8540618765567985,0.0658067765311547,0.9975342258952524,0.06130888169723121
