metric,train_val_p,train_val_d,train_test_p,train_test_d,val_test_p,val_test_d
rcvRate,0.751633288544117,0.1060985797827903,0.8843815769101181,0.06610729722857869,0.8847871570727525,0.10248447204968944
sumMsgs,0.7924941033098213,0.10192147034252297,0.900525820347996,0.06451817950673785,0.7348467020185124,0.12111801242236025
sumMalMsgs,0.9181252485954029,0.08646616541353383,0.9999793992394121,0.033943554538520215,0.9751454800251964,0.08333333333333333
normalProfile,0.9333208379522621,0.08395989974937343,0.9590411738135711,0.057081108568522755,0.9931284294056976,0.07349896480331262
aggressiveProfile,0.9997115421531898,0.05304928989139515,0.9371337843759688,0.06032290872107806,0.9999999999954852,0.033126293995859216
cautiousProfile,0.9581410020259514,0.07894736842105263,0.8929591063238194,0.06528095601322145,0.9844018439180865,0.07919254658385093
