metric,train_val_p,train_val_d,train_test_p,train_test_d,val_test_p,val_test_d
rcvRate,0.9427167399403565,0.054004185944040536,0.9869425941043164,0.03460537133461222,0.9452740970162281,0.060736489717838356
sumMsgs,0.7202628875556902,0.07157413527208636,0.7162914864170338,0.05404220334338175,0.9837051144230053,0.05274988043998087
sumMalMsgs,0.9449447768771371,0.05375633399427186,0.8651684636080411,0.04630720745409701,0.9644849159677154,0.05738880918220947
normalProfile,0.8900552140648899,0.05942938973342146,0.9605948318675291,0.038846259249109345,0.9117004055008636,0.06508847441415591
aggressiveProfile,0.9952522711616814,0.04207975324961445,0.9978572467341745,0.0299534118936695,0.9962756699630545,0.04648493543758967
cautiousProfile,0.8799892382738057,0.06025556289931703,0.7545184103956066,0.05219923266648397,0.9865543348424308,0.05184122429459589
