metric,train_val_p,train_val_d,train_test_p,train_test_d,val_test_p,val_test_d
rcvRate,0.9095779901788257,0.07488515761127831,0.9060059799827216,0.05759140842761108,0.9266072345336991,0.08251561106155218
sumMsgs,0.9970576681262397,0.05255029304609536,0.9018575692190252,0.05800131169044106,0.9948641814258008,0.062295569432054713
sumMalMsgs,0.7439355167181305,0.09108189450340567,0.9437476819301388,0.05353336612559436,0.8926599452277231,0.08771929824561403
normalProfile,0.9804047583603127,0.06189608743861872,0.9079535286738765,0.057427447122479096,0.9956901636093419,0.06140350877192982
aggressiveProfile,0.9868494860894184,0.05952003801679075,0.9941714426215461,0.042465978029185114,0.9693295881992916,0.07374368123699078
cautiousProfile,0.9928896702989963,0.05635197212102012,0.8945604587833166,0.05865715691096901,0.9681190840273964,0.07404103479036575
