metric,train_val_p,train_val_d,train_test_p,train_test_d,val_test_p,val_test_d
rcvRate,0.9548830110996831,0.07460385967075651,0.9458233043026488,0.05834592145015106,0.9951270235389986,0.06717687074829932
sumMsgs,0.9816898681414188,0.0674517541155435,0.9524934724668097,0.05737034239677744,0.9933397030870067,0.06887755102040816
sumMalMsgs,0.9993571473233728,0.052037733522411984,0.9653502719730763,0.05523036253776435,0.8721130532203379,0.09821428571428571
normalProfile,0.8167931773894304,0.09303902830014181,0.9834704697738771,0.05101334340382679,0.8647311487375913,0.09906462585034014
aggressiveProfile,0.9384104803782269,0.07768666378938283,0.9943257310721929,0.04638721047331319,0.9997647026668358,0.05505952380952381
cautiousProfile,0.8690700517083932,0.08730501263949689,0.998318270136459,0.0423904833836858,0.6491888152289688,0.12308673469387756
