metric,train_val_p,train_val_d,train_test_p,train_test_d,val_test_p,val_test_d
rcvRate,0.9687673355119962,0.0693815987933635,0.5515052070640379,0.08934099955771782,0.8859734878655937,0.09493927125506073
sumMsgs,0.9926183290965873,0.06017022193492782,0.9786250331979138,0.05218929677134011,0.9318696172664702,0.08765182186234818
sumMalMsgs,0.9618007280336445,0.07099762982115923,0.9762846021238032,0.052779006339377856,0.9991656237229762,0.058299595141700404
normalProfile,0.980867757700696,0.06577246283128636,0.9984236316823863,0.04204629220109096,0.9537150064744758,0.08319838056680162
aggressiveProfile,0.9936825978448317,0.05941607412195647,0.9891279023639052,0.048857437711926875,0.9537150064744758,0.08319838056680162
cautiousProfile,0.9186161953579134,0.07853910795087266,0.8651402683115624,0.06675512310187233,0.9973105414708858,0.06336032388663967
