metric,train_val_p,train_val_d,train_test_p,train_test_d,val_test_p,val_test_d
rcvRate,0.9928306641107265,0.060042735042735045,0.9737076298850148,0.05398550724637681,0.9975742031110312,0.06354515050167224
sumMsgs,0.993144046352062,0.05982905982905983,0.9934967825991492,0.04734299516908213,0.9999407409961106,0.05100334448160535
sumMalMsgs,0.9764468683167815,0.0673076923076923,0.9784468580205975,0.05289855072463768,0.9999407409961106,0.05100334448160535
normalProfile,0.9819904272276727,0.06538461538461539,0.9974107458591374,0.044082125603864736,0.9999407409961106,0.05100334448160535
aggressiveProfile,0.9520480124694619,0.07307692307692308,0.9519366725366535,0.057971014492753624,0.9889610652937117,0.07190635451505016
cautiousProfile,0.9405748662376574,0.07521367521367521,0.8529674099104665,0.06859903381642513,0.9900444173299261,0.07107023411371237
