metric,train_val_p,train_val_d,train_test_p,train_test_d,val_test_p,val_test_d
rcvRate,0.9078321373435242,0.07948384298416829,0.8401354861944225,0.06692891418368485,0.9692073421833168,0.07785308664590584
sumMsgs,0.9817175010520256,0.06506180871828236,0.9130876164496762,0.06040062493025332,0.9966171266826738,0.06301520424986261
sumMalMsgs,0.899114714184287,0.08062242463673823,0.7873805535179093,0.07089052561098091,0.9131848022087419,0.08921047810954387
normalProfile,0.9737746399582622,0.06755584471914985,0.8834248279977764,0.06327418814864412,0.9157035992723508,0.0888441106429749
aggressiveProfile,0.9825237544017416,0.06473649967469096,0.8110127658440042,0.06916080794554179,0.9813686778251514,0.07327349331379374
cautiousProfile,0.9393763561144999,0.07482108002602472,0.9609078244034046,0.054262917085146745,0.9534753111724807,0.08151676131159553
