metric,train_val_p,train_val_d,train_test_p,train_test_d,val_test_p,val_test_d
rcvRate,0.8758073936745948,0.08570570570570571,0.7417789654190143,0.07739998062578708,0.8769725435610878,0.09763440860215054
sumMsgs,0.9150086338897941,0.08066066066066066,0.9959324704448691,0.04572314249733605,0.9439324538814743,0.08666666666666667
sumMalMsgs,0.7732422095064834,0.09645645645645645,0.8712237874858147,0.06722851884142207,0.7456021048050593,0.11311827956989247
normalProfile,0.9988547497766221,0.053513513513513515,0.9819182658712967,0.052116632761794054,0.9891017462077604,0.07204301075268817
aggressiveProfile,0.9998823140042845,0.046966966966966964,0.9999911627896223,0.032742419839194035,0.9989086384812234,0.060215053763440864
cautiousProfile,0.9867217563922703,0.06474474474474474,0.9441264220638718,0.05928509154315606,0.99999582687674,0.04559139784946237
