metric,train_val_p,train_val_d,train_test_p,train_test_d,val_test_p,val_test_d
rcvRate,0.8934503973626112,0.08284023668639054,0.9224078936218403,0.06378147791385716,0.9977953919823028,0.06350626118067978
sumMsgs,0.9259057675484899,0.07840236686390532,0.9010026412236611,0.06618962432915922,0.9289659882326899,0.08989266547406083
sumMalMsgs,0.9999833785345817,0.042899408284023666,0.8334936391640576,0.07245080500894455,0.9970210989179168,0.0648479427549195
normalProfile,0.8934503973626112,0.08284023668639054,0.9146570139321424,0.06474473647997799,0.8855872503042233,0.09660107334525939
aggressiveProfile,0.9883018266332675,0.06360946745562131,0.7040587075518039,0.08235860740333012,0.9817721225364102,0.07602862254025045
cautiousProfile,0.749941768905951,0.09763313609467456,0.9996865038645464,0.039768817944131,0.9315387782262519,0.08944543828264759
