metric,train_val_p,train_val_d,train_test_p,train_test_d,val_test_p,val_test_d
rcvRate,0.7858087665679006,0.06612932771569885,0.9483314197144646,0.04113210818307906,0.8817306076407934,0.06810141509433962
sumMsgs,0.9955469619256799,0.041164001779499124,0.9380915819202713,0.042121763754045305,0.9851153778263633,0.052476415094339625
sumMalMsgs,0.9426319815500277,0.053110198100123,0.8906813772281906,0.04578421174294961,0.7476830842255748,0.07910770440251573
normalProfile,0.9924421016321592,0.042956585455211575,0.9865997387477188,0.03552646786870088,0.9505114657684797,0.05994496855345912
aggressiveProfile,0.9876443457466635,0.0448669301023212,0.8294372434642212,0.04951167360147943,0.9714228652332125,0.0561124213836478
cautiousProfile,0.8407791539463052,0.06229555386910214,0.9821520711447354,0.036523347202958856,0.898099517622084,0.06643081761006289
