metric,train_val_p,train_val_d,train_test_p,train_test_d,val_test_p,val_test_d
rcvRate,0.8960093175113436,0.08483935742971888,0.8334082619748195,0.06965361445783133,0.9948122193323178,0.07291666666666667
sumMsgs,0.9875627311826113,0.06551204819277108,0.9394983142671892,0.05923694779116466,0.8693924146348339,0.10416666666666667
sumMalMsgs,0.9817248737625927,0.06802208835341365,0.7516330664328192,0.07580321285140562,0.9765098437882505,0.08333333333333333
normalProfile,0.9554635211402681,0.07530120481927711,0.9890727896142038,0.04907128514056225,0.9765098437882505,0.08333333333333333
aggressiveProfile,0.9138618142803837,0.0823293172690763,0.9423934326730337,0.058860441767068276,0.8693924146348339,0.10416666666666667
cautiousProfile,0.999987830131223,0.04317269076305221,0.9729720707214514,0.053714859437751006,0.9995230886047464,0.0625
