metric,train_val_p,train_val_d,train_test_p,train_test_d,val_test_p,val_test_d
rcvRate,0.9556866168609277,0.07380952380952381,0.7550567646819016,0.07738095238095238,0.9924156820277154,0.07111111111111111
sumMsgs,0.9112084050329371,0.08119047619047619,0.9905799942807907,0.0496031746031746,0.8539206519951904,0.10222222222222223
sumMalMsgs,0.8106888554780525,0.09273809523809524,0.8323615592568276,0.07142857142857142,0.6323465879211574,0.12666666666666668
normalProfile,0.9724569280252848,0.06976190476190476,0.9929359111030067,0.048412698412698414,0.9595362916303856,0.08444444444444445
aggressiveProfile,0.9924292905630396,0.061547619047619045,0.8860373104726897,0.06666666666666667,0.9996281681422066,0.057777777777777775
cautiousProfile,0.9862286188099809,0.065,0.9601579365314354,0.057539682539682536,0.9502901281088078,0.08666666666666667
