metric,train_val_p,train_val_d,train_test_p,train_test_d,val_test_p,val_test_d
rcvRate,0.9732845513440356,0.048901871686681815,0.9922741989180934,0.033114089517663606,0.9971989641298925,0.04543740573152338
sumMsgs,0.9583505952634936,0.0514578600021638,0.9354702534659888,0.04144949118888062,0.7556129984202861,0.07824283559577677
sumMalMsgs,0.9804490257454892,0.047319593205669155,0.6525413612145534,0.05716885910482336,0.9406329504648588,0.06108597285067873
normalProfile,0.912732966330127,0.05684031158714703,0.9726969595307867,0.03735418217920079,0.8679535663804104,0.06919306184012067
aggressiveProfile,0.886984256200463,0.05919344368711457,0.9529073539375168,0.039774137503102505,0.980379501263593,0.05373303167420815
cautiousProfile,0.7423881178247803,0.06955263442605215,0.6604770702837418,0.056796558285761564,0.9669006069642491,0.056749622926093514
