metric,train_val_p,train_val_d,train_test_p,train_test_d,val_test_p,val_test_d
rcvRate,0.8087799310759364,0.08431472279823155,0.9696751989308512,0.048640012623523146,0.7229516137502663,0.10364449261617667
sumMsgs,0.9713025773481664,0.06365663758363004,0.9755321689421915,0.047515730093295724,0.9771203294274962,0.0699092263920878
sumMalMsgs,0.9486478897518696,0.06823428146641104,0.9892579500167092,0.04382729442395313,0.9963970173774915,0.05934155263514429
normalProfile,0.9713025773481664,0.06365663758363004,0.9993532117170507,0.035720625653365944,0.9463833495762742,0.07749627421758569
aggressiveProfile,0.9639288363493248,0.06533901952345554,0.9405201307728713,0.0528215546657725,0.9914708246416415,0.06340604254166102
cautiousProfile,0.9973016330238856,0.051527837552329904,0.988081947699073,0.044261228032111084,0.9930507642741361,0.06232217856658989
