metric,train_val_p,train_val_d,train_test_p,train_test_d,val_test_p,val_test_d
rcvRate,0.9652752585195246,0.07098765432098765,0.9626670169493728,0.05542957923910305,0.9690807348821572,0.07785336356764928
sumMsgs,0.9111549351675954,0.08024691358024691,0.9274698911295741,0.06040564373897707,0.6908965214301201,0.11526832955404384
sumMalMsgs,0.9955558976181872,0.05864197530864197,0.6646785065622378,0.08138070042831948,0.9873095345037527,0.0710506424792139
normalProfile,0.9768909643204189,0.06790123456790123,0.8229049665935481,0.0701058201058201,0.9531598391632016,0.082010582010582
aggressiveProfile,0.9999825137864207,0.043209876543209874,0.9999098341987426,0.03565129755605946,0.9979198506478263,0.061224489795918366
cautiousProfile,0.9999164633381739,0.046296296296296294,0.8743397599966096,0.06582262534643488,0.9992427544914458,0.057067271352985637
