metric,train_val_p,train_val_d,train_test_p,train_test_d,val_test_p,val_test_d
rcvRate,0.7730897475580004,0.09727483807894416,0.8310438582935691,0.07060073401583929,0.5075901534015875,0.1391266183892912
sumMsgs,0.9986085600269584,0.05462544299156789,0.9915934164039375,0.048483677805678964,0.9955979240916004,0.06714944042132982
sumMalMsgs,0.9657394330170823,0.07216179885127703,0.8882577015228728,0.06557852037859764,0.9935845625849096,0.06912442396313365
normalProfile,0.9786848366084173,0.06849566173774899,0.985828854220933,0.05083381623849076,0.9478234782842053,0.08646039060785604
aggressiveProfile,0.9165331161192027,0.08114383477942075,0.9999769013881668,0.03402871676002833,0.9986349576228815,0.06144393241167435
cautiousProfile,0.9956878254110709,0.05926921666870341,0.9999577620491745,0.03496233339772069,0.9825683396997773,0.07614658766732499
