metric,train_val_p,train_val_d,train_test_p,train_test_d,val_test_p,val_test_d
rcvRate,0.9815532555065067,0.060679045917178154,0.8546060175941124,0.06120973572174472,0.9663739253871217,0.07321478188385663
sumMsgs,0.9681380076829178,0.0644083598787973,0.9926061673715918,0.04281468391035424,0.9985495860804274,0.05557099194220617
sumMalMsgs,0.9724443282964652,0.06332064330665838,0.9926061673715918,0.04281468391035424,0.9932940256154666,0.06251736593498194
normalProfile,0.9873487549564334,0.05850361277290032,0.9816468289964492,0.04654992368864969,0.9985495860804274,0.05557099194220617
aggressiveProfile,0.8635221674925614,0.0790148395618056,0.9943839702942747,0.041850751064342516,0.9920901592969893,0.06335093081411503
cautiousProfile,0.9802202432032749,0.061145210162380545,0.9273749563164366,0.0547835167483332,0.9877903248605722,0.06585162545151431
