metric,train_val_p,train_val_d,train_test_p,train_test_d,val_test_p,val_test_d
rcvRate,0.9954676219174331,0.05740780445969125,0.9765950138140459,0.052083333333333336,0.9877133216095942,0.07108824089956166
sumMsgs,0.9990604047455031,0.05140437392795883,0.9022194251613644,0.0625,0.9802956190754718,0.07432818753573471
sumMalMsgs,0.8712480454577881,0.08388722126929674,0.948146947638853,0.057133838383838384,0.9903422487494457,0.06956356012959787
normalProfile,0.9994386031586432,0.04979631217838765,0.9258222657679512,0.05997474747474747,0.9802956190754718,0.07432818753573471
aggressiveProfile,0.9068520899617524,0.07959905660377359,0.911492621862834,0.061553030303030304,0.9571039849293563,0.08137983609681723
cautiousProfile,0.9851890989414951,0.06367924528301887,0.8717884907642933,0.06534090909090909,0.9553889625390257,0.08176100628930817
