metric,train_val_p,train_val_d,train_test_p,train_test_d,val_test_p,val_test_d
rcvRate,0.8537933563907947,0.08761702879349938,0.8849978701746761,0.06619663141402272,0.8570393052464319,0.09974424552429667
sumMsgs,0.9882494602174999,0.06359300476947535,0.9302304524482217,0.06133307220263742,0.9885799066573027,0.07225063938618925
sumMalMsgs,0.999875662590484,0.04681151739975269,0.9963801841265353,0.04546938242590416,0.9982523287269703,0.062020460358056265
normalProfile,0.9931997803903571,0.060590001766472355,0.7259490060048741,0.07882882882882883,0.89164512944594,0.09505541346973571
aggressiveProfile,0.9986480399285756,0.053700759583112524,0.9854480597760491,0.0511816163990077,0.9999991798356369,0.04283887468030691
cautiousProfile,0.9988483585323652,0.05317081787670023,0.9755226718137505,0.05395613004308657,0.9968534506092837,0.06479113384484228
